Store_Number,Region,Country,Store_Generation,Furniture_Category_Make_up,Furniture_Category_Skincare_Type_1,Furniture_Category_Skincare_Type_2,Furniture_Category_Other,Furniture_Category_Accessories
Store_Number_1,Europe - France - Province,Country_1,Store_Generation_1,1,1,1,1,1
Store_Number_2,Europe - France - Province,Country_1,Store_Generation_2,1,1,1,1,1
Store_Number_3,Europe - France - Province,Country_1,Store_Generation_3,1,1,1,1,1
Store_Number_4,Europe - France - Province,Country_1,Store_Generation_3,1,1,1,1,1
Store_Number_5,Europe - France - Province,Country_1,Store_Generation_3,1,1,1,1,1
Store_Number_6,Europe - France - Province,Country_1,Store_Generation_1,1,1,1,1,1
Store_Number_7,Europe - France - Province,Country_1,Store_Generation_3,1,1,1,1,1
Store_Number_8,Europe - France - Province,Country_1,Store_Generation_4,1,1,1,1,1
Store_Number_9,Europe - France - Intra Muros,Country_1,Store_Generation_1,1,1,1,1,1
Store_Number_10,Europe - France - Province,Country_1,Store_Generation_1,1,1,1,1,1
Store_Number_11,Europe - France - Province,Country_1,Store_Generation_3,1,1,1,1,1
Store_Number_12,Europe - France - Province,Country_1,Store_Generation_1,1,1,1,1,1
Store_Number_13,Europe - France - Intra Muros,Country_1,Store_Generation_1,1,1,1,1,1
Store_Number_14,Europe - France - Province,Country_1,Store_Generation_3,1,1,1,1,1
Store_Number_15,Europe - France - Province,Country_1,Store_Generation_3,1,1,1,1,1
Store_Number_16,Europe - France - Province,Country_1,Store_Generation_1,1,1,1,1,1
Store_Number_17,Europe - France - Province,Country_1,Store_Generation_3,1,1,1,1,1
Store_Number_18,Europe - France - Province,Country_1,Store_Generation_5,1,1,1,1,1
Store_Number_19,Europe - France - Province,Country_1,Store_Generation_1,1,1,1,1,1
Store_Number_20,Europe - France - Province,Country_1,Store_Generation_5,1,1,1,1,1
Store_Number_21,Europe - France - Province,Country_1,Store_Generation_4,1,1,1,1,1
Store_Number_22,Europe - France - Province,Country_1,Store_Generation_3,1,1,1,1,1
Store_Number_23,Europe - France - Province,Country_1,Store_Generation_1,1,1,1,1,1
Store_Number_24,Europe - France - Intra Muros,Country_1,Store_Generation_5,1,1,1,1,1
Store_Number_25,Europe - France - Province,Country_1,Store_Generation_1,1,1,1,1,1
Store_Number_26,Europe - France - Province,Country_1,Store_Generation_1,1,1,1,1,1
Store_Number_27,Europe - France - Province,Country_1,Store_Generation_5,1,1,1,1,1
Store_Number_28,Europe - France - Province,Country_1,Store_Generation_5,1,1,1,1,1
Store_Number_29,Europe - France - Province,Country_1,Store_Generation_5,1,1,1,1,1
Store_Number_30,Europe - France - Province,Country_1,Store_Generation_2,1,1,1,1,1
Store_Number_31,Europe - France - Province,Country_1,Store_Generation_2,1,1,1,1,1
Store_Number_32,Europe - France - Intra Muros,Country_1,Store_Generation_3,1,1,1,1,1
Store_Number_33,Europe - France - Province,Country_1,Store_Generation_4,1,1,1,1,1
Store_Number_34,Europe - France - Province,Country_1,Store_Generation_4,1,1,1,1,1
Store_Number_35,Europe - France - Province,Country_1,Store_Generation_3,1,1,1,1,1
Store_Number_36,Europe - France - Province,Country_1,Store_Generation_3,1,1,1,1,1
Store_Number_37,Europe - France - Province,Country_1,Store_Generation_3,1,1,1,1,1
Store_Number_38,Europe - France - Province,Country_1,Store_Generation_5,1,1,1,1,1
Store_Number_39,Europe - France - Province,Country_1,Store_Generation_1,1,1,1,1,1
Store_Number_40,Europe - France - Province,Country_1,Store_Generation_1,1,1,1,1,1
Store_Number_41,Europe - France - Province,Country_1,Store_Generation_1,1,1,1,1,1
Store_Number_42,Europe - France - Province,Country_1,Store_Generation_1,1,1,1,1,1
Store_Number_43,Europe - France - Province,Country_1,Store_Generation_1,1,1,1,1,1
Store_Number_44,Europe - France - Province,Country_1,Store_Generation_3,1,1,1,1,1
Store_Number_45,Europe - France - Province,Country_1,Store_Generation_3,1,1,1,1,1
Store_Number_46,Europe - France - Province,Country_1,Store_Generation_3,1,1,1,1,1
Store_Number_47,Europe - France - Province,Country_1,Store_Generation_1,1,1,1,1,1
Store_Number_48,Europe - France - Province,Country_1,Store_Generation_3,1,1,1,1,1
Store_Number_49,Europe - France - Intra Muros,Country_1,Store_Generation_1,1,1,1,1,1
Store_Number_50,Europe - France - Province,Country_1,Store_Generation_3,1,1,1,1,1
Store_Number_51,Europe - France - Province,Country_1,Store_Generation_4,1,1,1,1,1
Store_Number_52,Europe - France - Intra Muros,Country_1,Store_Generation_3,1,1,1,1,1
Store_Number_53,Europe - France - Province,Country_1,Store_Generation_3,1,1,1,1,1
Store_Number_54,Europe - France - Province,Country_1,Store_Generation_3,1,1,1,1,1
Store_Number_55,Europe - France - Province,Country_1,Store_Generation_3,1,1,1,1,1
Store_Number_56,Europe - France - Province,Country_1,Store_Generation_2,1,1,1,1,1
Store_Number_57,Europe - France - Province,Country_1,Store_Generation_3,1,1,1,1,1
Store_Number_58,Europe - France - Province,Country_1,Store_Generation_3,1,1,1,1,1
Store_Number_59,Europe - France - Province,Country_1,Store_Generation_1,1,1,1,1,1
Store_Number_60,Europe - France - Province,Country_1,Store_Generation_2,1,1,1,1,1
Store_Number_61,Europe - France - Province,Country_1,Store_Generation_3,1,1,1,1,1
Store_Number_62,Europe - France - Province,Country_1,Store_Generation_3,1,1,1,1,1
Store_Number_63,Europe - France - Province,Country_1,Store_Generation_4,1,1,1,1,1
Store_Number_64,Europe - France - Province,Country_1,Store_Generation_1,1,1,1,1,1
Store_Number_65,Europe - France - Province,Country_1,Store_Generation_3,1,1,1,1,1
Store_Number_66,Europe - France - Province,Country_1,Store_Generation_3,1,1,1,1,1
Store_Number_67,Europe - France - Province,Country_1,Store_Generation_3,1,1,1,1,1
Store_Number_68,Europe - France - Intra Muros,Country_1,Store_Generation_1,1,1,1,1,1
Store_Number_69,Europe - France - Province,Country_1,Store_Generation_1,1,1,1,1,1
Store_Number_70,Europe - France - Province,Country_1,Store_Generation_1,1,1,1,1,1
Store_Number_71,Europe - France - Province,Country_1,Store_Generation_3,1,1,1,1,1
Store_Number_72,Europe - France - Province,Country_1,Store_Generation_3,1,1,1,1,1
Store_Number_73,Europe - France - Province,Country_1,Store_Generation_1,1,1,1,1,1
Store_Number_74,Europe - France - Province,Country_1,Store_Generation_1,1,1,1,1,1
Store_Number_75,Europe - France - Province,Country_1,Store_Generation_5,1,1,1,1,1
Store_Number_76,Europe - France - Intra Muros,Country_1,Store_Generation_1,1,1,1,1,1
Store_Number_77,Europe - France - Province,Country_1,Store_Generation_3,1,1,1,1,1
Store_Number_78,Europe - France - Intra Muros,Country_1,Store_Generation_5,1,1,1,1,1
Store_Number_79,Europe - France - Province,Country_1,Store_Generation_4,1,1,1,1,1
Store_Number_80,Europe - France - Province,Country_1,Store_Generation_4,1,1,1,1,1
Store_Number_81,Europe - France - Province,Country_1,Store_Generation_1,1,1,1,1,1
Store_Number_82,Europe - France - Province,Country_1,Store_Generation_2,1,1,1,1,1
Store_Number_83,Europe - France - Province,Country_1,Store_Generation_1,1,1,1,1,1
Store_Number_84,Europe - France - Province,Country_1,Store_Generation_1,1,1,1,1,1
Store_Number_85,Europe - France - Province,Country_1,Store_Generation_3,1,1,1,1,1
Store_Number_86,Europe - France - Province,Country_1,Store_Generation_1,1,1,1,1,1
Store_Number_87,Europe - France - Province,Country_1,Store_Generation_3,1,1,1,1,1
Store_Number_88,Europe - France - Province,Country_1,Store_Generation_2,1,1,1,1,1
Store_Number_89,Europe - France - Province,Country_1,Store_Generation_2,1,1,1,1,1
Store_Number_90,Europe - France - Province,Country_1,Store_Generation_2,1,1,1,1,1
Store_Number_91,Europe - France - Province,Country_1,Store_Generation_2,1,1,1,1,1
Store_Number_92,Europe - France - Province,Country_1,Store_Generation_2,1,1,1,1,1
Store_Number_93,Europe - France - Province,Country_1,Store_Generation_2,1,1,1,1,0
Store_Number_94,Europe - France - Province,Country_1,Store_Generation_1,1,1,1,1,1
Store_Number_95,Europe - France - Province,Country_1,Store_Generation_2,1,1,1,1,1
Store_Number_96,Europe - France - Province,Country_1,Store_Generation_1,1,1,1,1,1
Store_Number_97,Europe - France - Province,Country_1,Store_Generation_1,1,1,1,1,1
Store_Number_98,Europe - France - Province,Country_1,Store_Generation_2,1,1,1,1,1
Store_Number_99,Europe - France - Province,Country_1,Store_Generation_2,1,1,1,1,1
Store_Number_100,Europe - France - Province,Country_1,Store_Generation_2,1,1,1,1,1
Store_Number_101,Europe - France - Province,Country_1,Store_Generation_2,1,1,1,1,1
Store_Number_102,Europe - France - Province,Country_1,Store_Generation_5,1,1,1,1,1
Store_Number_103,Europe - France - Province,Country_1,Store_Generation_1,1,1,1,1,1
Store_Number_104,Europe - France - Province,Country_1,Store_Generation_3,1,1,1,1,1
Store_Number_105,Europe - France - Province,Country_1,Store_Generation_3,1,1,1,1,1
Store_Number_106,Europe - France - Province,Country_1,Store_Generation_3,1,1,1,1,1
Store_Number_107,Europe - France - Province,Country_1,Store_Generation_1,1,1,1,1,1
Store_Number_108,Europe - France - Province,Country_1,Store_Generation_3,1,1,1,1,1
Store_Number_109,Europe - France - Province,Country_1,Store_Generation_3,1,1,1,1,1
Store_Number_110,Europe - France - Province,Country_1,Store_Generation_2,1,1,1,1,1
Store_Number_111,Europe - France - Province,Country_1,Store_Generation_1,1,1,1,1,1
Store_Number_112,Europe - France - Province,Country_1,Store_Generation_2,1,1,1,1,1
Store_Number_113,Europe - France - Province,Country_1,Store_Generation_3,1,1,1,1,1
Store_Number_114,Europe - France - Province,Country_1,Store_Generation_1,1,1,1,1,1
Store_Number_115,Europe - France - Province,Country_1,Store_Generation_1,1,1,1,1,1
Store_Number_116,Europe - France - Province,Country_1,Store_Generation_5,1,1,1,1,1
Store_Number_117,Europe - France - Province,Country_1,Store_Generation_5,1,1,1,1,1
Store_Number_118,Europe - France - Province,Country_1,Store_Generation_2,1,1,1,1,1
Store_Number_119,Europe - France - Province,Country_1,Store_Generation_2,1,1,1,1,1
Store_Number_120,Europe - France - Province,Country_1,Store_Generation_3,1,1,1,1,1
Store_Number_121,Europe - France - Province,Country_1,Store_Generation_1,1,1,1,1,1
Store_Number_122,Europe - France - Province,Country_1,Store_Generation_2,1,1,1,1,1
Store_Number_123,Europe - France - Province,Country_1,Store_Generation_2,1,1,1,1,1
Store_Number_124,Europe - France - Province,Country_1,Store_Generation_2,1,1,1,1,1
Store_Number_125,Europe - France - Province,Country_1,Store_Generation_3,1,1,1,1,1
Store_Number_126,Europe - France - Province,Country_1,Store_Generation_2,1,1,1,1,1
Store_Number_127,Europe - France - Province,Country_1,Store_Generation_5,1,1,1,1,1
Store_Number_128,Europe - France - Province,Country_1,Store_Generation_4,1,1,1,1,1
Store_Number_129,Europe - France - Intra Muros,Country_1,Store_Generation_3,1,1,1,1,1
Store_Number_130,Europe - France - Province,Country_1,Store_Generation_3,1,1,1,1,1
Store_Number_131,Europe - France - Province,Country_1,Store_Generation_3,1,1,1,1,1
Store_Number_132,Europe - France - Province,Country_1,Store_Generation_2,1,1,1,1,1
Store_Number_133,Europe - France - Province,Country_1,Store_Generation_1,1,1,1,1,1
Store_Number_134,Europe - France - Province,Country_1,Store_Generation_5,1,1,1,1,1
Store_Number_135,Europe - France - Province,Country_1,Store_Generation_5,1,1,1,1,1
Store_Number_136,Europe - France - Province,Country_1,Store_Generation_3,1,1,1,1,1
Store_Number_137,Europe - France - Province,Country_1,Store_Generation_5,1,1,1,1,1
Store_Number_138,Europe - France - Province,Country_1,Store_Generation_5,1,1,1,1,1
Store_Number_139,Europe - France - Province,Country_1,Store_Generation_5,1,1,1,1,1
Store_Number_140,Europe - France - Province,Country_1,Store_Generation_4,1,1,1,1,1
Store_Number_141,Europe - France - Province,Country_1,Store_Generation_5,1,1,1,1,1
Store_Number_142,Europe - France - Province,Country_1,Store_Generation_5,1,1,1,1,1
Store_Number_143,Europe - France - Province,Country_1,Store_Generation_1,1,1,1,1,1
Store_Number_144,Europe - France - Province,Country_1,Store_Generation_4,1,1,1,1,1
Store_Number_145,Europe - France - Province,Country_1,Store_Generation_1,1,1,1,1,1
Store_Number_146,Europe - France - Province,Country_1,Store_Generation_3,1,1,1,1,1
Store_Number_147,Europe - France - Province,Country_1,Store_Generation_3,1,1,1,1,1
Store_Number_148,Europe - France - Province,Country_1,Store_Generation_1,1,1,1,1,1
Store_Number_149,Europe - France - Province,Country_1,Store_Generation_5,1,1,1,1,1
Store_Number_150,Europe - France - Province,Country_1,Store_Generation_5,1,1,1,1,1
Store_Number_151,Europe - France - Province,Country_1,Store_Generation_1,1,1,1,1,1
Store_Number_152,Europe - France - Province,Country_1,Store_Generation_4,1,1,1,1,1
Store_Number_153,Europe - France - Province,Country_1,Store_Generation_3,1,1,1,1,1
Store_Number_154,Europe - France - Province,Country_1,Store_Generation_3,1,1,1,1,1
Store_Number_155,Europe - France - Province,Country_1,Store_Generation_1,1,1,1,1,1
Store_Number_156,Europe - France - Province,Country_1,Store_Generation_3,1,1,1,1,1
Store_Number_157,Europe - France - Province,Country_1,Store_Generation_3,1,1,1,1,1
Store_Number_158,Europe - France - Province,Country_1,Store_Generation_3,1,1,1,1,1
Store_Number_159,Europe - France - Province,Country_1,Store_Generation_2,1,1,1,1,1
Store_Number_160,Europe - France - Intra Muros,Country_1,Store_Generation_3,1,1,1,1,1
Store_Number_161,Europe - France - Province,Country_1,Store_Generation_1,1,1,1,1,1
Store_Number_162,Europe - France - Province,Country_1,Store_Generation_3,1,1,1,1,1
Store_Number_163,Europe - France - Intra Muros,Country_1,Store_Generation_1,1,1,1,1,1
Store_Number_164,Europe - Balkans,Country_2,Store_Generation_3,1,1,1,1,1
Store_Number_165,Europe - Balkans,Country_2,Store_Generation_3,1,1,1,1,1
Store_Number_166,Europe - Balkans,Country_2,Store_Generation_1,1,1,1,1,1
Store_Number_167,Europe - Balkans,Country_2,Store_Generation_1,1,1,1,1,1
Store_Number_168,Europe - Balkans,Country_2,Store_Generation_1,1,1,1,1,1
Store_Number_169,Europe - Balkans,Country_2,Store_Generation_4,1,1,1,1,1
Store_Number_170,Europe - Balkans,Country_2,Store_Generation_1,1,1,1,1,1
Store_Number_171,Europe - France - Province,Country_1,Store_Generation_3,1,1,1,1,1
Store_Number_172,Europe,Country_3,Store_Generation_1,1,1,1,0,1
Store_Number_173,Europe,Country_4,Store_Generation_3,1,1,1,1,1
Store_Number_174,Europe,Country_4,Store_Generation_3,1,1,1,1,1
Store_Number_175,Europe,Country_4,Store_Generation_1,1,1,1,1,1
Store_Number_176,Europe,Country_4,Store_Generation_3,1,1,1,1,1
Store_Number_177,Europe,Country_3,Store_Generation_3,1,1,1,1,1
Store_Number_178,Europe,Country_4,Store_Generation_3,1,1,1,1,1
Store_Number_179,Europe,Country_4,Store_Generation_3,1,1,1,1,1
Store_Number_180,Europe,Country_4,Store_Generation_3,1,1,1,1,1
Store_Number_181,Europe,Country_4,Store_Generation_3,1,1,1,1,1
Store_Number_182,Europe,Country_5,Store_Generation_1,1,1,1,1,1
Store_Number_183,Europe,Country_5,Store_Generation_4,1,1,1,1,1
Store_Number_184,Europe - France - Province,Country_1,Store_Generation_1,1,1,1,1,1
Store_Number_185,Europe - France - Intra Muros,Country_1,Store_Generation_1,1,1,1,1,1
Store_Number_186,Europe - France - Province,Country_1,Store_Generation_2,1,1,1,1,1
Store_Number_187,Europe,Country_3,Store_Generation_3,1,1,1,1,1
Store_Number_188,Europe,Country_5,Store_Generation_1,1,1,1,1,1
Store_Number_189,Europe,Country_5,Store_Generation_1,1,1,1,1,1
Store_Number_190,Europe,Country_3,Store_Generation_3,1,1,1,0,1
Store_Number_191,Europe,Country_3,Store_Generation_3,1,1,1,1,1
Store_Number_192,Europe,Country_6,Store_Generation_4,1,1,1,1,1
Store_Number_193,Europe,Country_3,Store_Generation_3,1,1,1,1,1
Store_Number_194,Europe,Country_4,Store_Generation_3,1,1,1,1,1
Store_Number_195,Europe - France - Intra Muros,Country_1,Store_Generation_3,1,1,1,1,1
Store_Number_196,Europe - France - Province,Country_1,Store_Generation_3,1,1,1,1,1
Store_Number_197,Europe - France - Province,Country_1,Store_Generation_2,1,1,1,1,1
Store_Number_198,Europe - France - Province,Country_1,Store_Generation_3,1,1,1,1,1
Store_Number_199,Europe,Country_7,Store_Generation_1,1,1,1,1,1
Store_Number_200,Europe,Country_5,Store_Generation_1,1,1,1,1,1
Store_Number_201,Europe,Country_7,Store_Generation_1,1,1,1,1,1
Store_Number_202,Europe - France - Province,Country_1,Store_Generation_2,1,1,1,1,1
Store_Number_203,Europe - France - Province,Country_1,Store_Generation_3,1,1,1,1,1
Store_Number_204,Europe - France - Province,Country_1,Store_Generation_3,1,1,1,1,1
Store_Number_205,Europe - France - Province,Country_1,Store_Generation_2,1,1,1,1,1
Store_Number_206,Europe - France - Province,Country_1,Store_Generation_2,1,1,1,1,1
Store_Number_207,Europe - Balkans,Country_8,Store_Generation_1,1,1,1,1,1
Store_Number_208,Europe,Country_3,Store_Generation_4,1,1,1,1,1
Store_Number_209,Europe,Country_9,Store_Generation_4,1,1,1,1,1
Store_Number_210,Europe,Country_9,Store_Generation_4,1,1,1,1,1
Store_Number_211,Europe - France - Province,Country_1,Store_Generation_2,1,1,1,1,1
Store_Number_212,Europe - France - Province,Country_1,Store_Generation_2,1,1,1,1,1
Store_Number_213,Europe,Country_3,Store_Generation_3,1,1,1,1,1
Store_Number_214,Europe,Country_3,Store_Generation_3,1,1,1,1,1
Store_Number_215,Europe,Country_3,Store_Generation_3,1,1,1,1,1
Store_Number_216,Europe - Balkans,Country_2,Store_Generation_3,1,1,1,1,1
Store_Number_217,Europe - Balkans,Country_2,Store_Generation_1,1,1,1,1,1
Store_Number_218,Europe - Balkans,Country_2,Store_Generation_2,1,1,1,1,1
Store_Number_219,Europe - France - Province,Country_1,Store_Generation_3,1,1,1,1,1
Store_Number_220,Europe - France - Province,Country_1,Store_Generation_2,1,1,1,1,1
Store_Number_221,Europe - Balkans,Country_2,Store_Generation_4,1,1,1,1,1
Store_Number_222,Europe,Country_3,Store_Generation_3,1,1,1,1,1
Store_Number_223,Europe,Country_9,Store_Generation_3,1,1,1,1,1
Store_Number_224,Europe,Country_9,Store_Generation_1,1,1,1,1,1
Store_Number_225,Europe - France - Province,Country_1,Store_Generation_3,1,1,1,1,1
Store_Number_226,Europe,Country_5,Store_Generation_3,1,1,1,1,1
Store_Number_227,Europe - France - Province,Country_1,Store_Generation_3,1,1,1,1,1
Store_Number_228,Europe,Country_3,Store_Generation_3,1,1,1,1,1
Store_Number_229,Europe,Country_3,Store_Generation_3,1,1,1,1,1
Store_Number_230,Europe,Country_3,Store_Generation_4,1,1,1,1,1
Store_Number_231,Europe - France - Province,Country_1,Store_Generation_2,1,1,1,1,1
Store_Number_232,Europe,Country_3,Store_Generation_1,1,1,1,1,1
Store_Number_233,Europe - France - Province,Country_1,Store_Generation_3,1,1,1,1,1
Store_Number_234,Europe,Country_3,Store_Generation_4,1,1,1,0,1
Store_Number_235,Europe,Country_3,Store_Generation_4,1,1,1,1,1
Store_Number_236,Europe - Balkans,Country_2,Store_Generation_1,1,1,1,1,1
Store_Number_237,Europe,Country_7,Store_Generation_1,1,1,1,1,1
Store_Number_238,Europe - France - Province,Country_1,Store_Generation_2,1,1,1,1,1
Store_Number_239,Europe - France - Province,Country_1,Store_Generation_2,1,1,1,1,1
Store_Number_240,Europe - France - Province,Country_1,Store_Generation_3,1,1,1,1,1
Store_Number_241,Europe - France - Province,Country_1,Store_Generation_2,1,1,1,1,1
Store_Number_242,Europe,Country_6,Store_Generation_1,1,1,1,1,1
Store_Number_243,Europe - France - Province,Country_1,Store_Generation_2,1,1,1,1,1
Store_Number_244,Europe - France - Province,Country_1,Store_Generation_2,1,1,1,1,1
Store_Number_245,Europe - France - Province,Country_1,Store_Generation_2,1,1,1,1,1
Store_Number_246,Europe - France - Province,Country_1,Store_Generation_2,1,1,1,1,1
Store_Number_247,Europe - France - Province,Country_1,Store_Generation_2,1,1,1,1,1
Store_Number_248,Europe - France - Province,Country_1,Store_Generation_2,1,1,1,1,1
Store_Number_249,Europe - France - Province,Country_1,Store_Generation_2,1,1,1,1,1
Store_Number_250,Europe,Country_9,Store_Generation_3,1,1,1,1,1
Store_Number_251,Europe - France - Province,Country_1,Store_Generation_3,1,1,1,1,1
Store_Number_252,Europe,Country_3,Store_Generation_3,1,1,1,1,1
Store_Number_253,Europe,Country_3,Store_Generation_4,1,1,1,1,1
Store_Number_254,Europe - Balkans,Country_2,Store_Generation_4,1,1,1,1,1
Store_Number_255,Europe - Balkans,Country_2,Store_Generation_3,1,1,1,1,1
Store_Number_256,Europe,Country_4,Store_Generation_2,1,1,1,1,1
Store_Number_257,Europe,Country_3,Store_Generation_3,1,1,1,1,1
Store_Number_258,Europe,Country_3,Store_Generation_4,1,1,1,0,1
Store_Number_259,Europe,Country_10,Store_Generation_3,1,1,1,1,1
Store_Number_260,Europe,Country_6,Store_Generation_2,1,1,1,1,1
Store_Number_261,Europe,Country_5,Store_Generation_4,1,1,1,1,1
Store_Number_262,Europe - France - Province,Country_1,Store_Generation_2,1,1,1,1,1
Store_Number_263,Europe,Country_4,Store_Generation_3,1,1,1,1,1
Store_Number_264,Europe,Country_4,Store_Generation_2,1,1,1,1,1
Store_Number_265,Europe,Country_6,Store_Generation_3,1,1,1,1,1
Store_Number_266,Europe - France - Province,Country_1,Store_Generation_2,1,1,1,1,1
Store_Number_267,Europe - France - Intra Muros,Country_1,Store_Generation_1,1,1,1,1,1
Store_Number_268,Europe - France - Province,Country_1,Store_Generation_2,1,1,1,1,1
Store_Number_269,Europe - France - Province,Country_1,Store_Generation_2,1,1,1,1,1
Store_Number_270,Europe - Balkans,Country_8,Store_Generation_4,1,1,1,1,0
Store_Number_271,Europe,Country_4,Store_Generation_3,1,1,1,1,1
Store_Number_272,Europe,Country_3,Store_Generation_4,1,1,1,0,1
Store_Number_273,Asia - SEA,Country_11,Store_Generation_3,1,0,0,0,0
Store_Number_274,Europe,Country_3,Store_Generation_3,1,1,1,1,1
Store_Number_275,Europe,Country_6,Store_Generation_3,1,1,1,1,1
Store_Number_276,Europe,Country_4,Store_Generation_3,1,1,1,1,1
Store_Number_277,Europe,Country_4,Store_Generation_3,1,1,1,1,1
Store_Number_278,Europe,Country_4,Store_Generation_2,1,1,1,1,1
Store_Number_279,Europe - France - Province,Country_1,Store_Generation_3,1,1,1,1,1
Store_Number_280,Europe - France - Province,Country_1,Store_Generation_4,1,1,1,1,1
Store_Number_281,Europe - France - Province,Country_1,Store_Generation_2,1,1,1,1,1
Store_Number_282,Europe,Country_3,Store_Generation_3,1,1,1,1,1
Store_Number_283,Europe,Country_3,Store_Generation_3,1,1,1,1,1
Store_Number_284,Europe,Country_3,Store_Generation_4,1,1,1,1,1
Store_Number_285,Europe,Country_3,Store_Generation_4,1,1,1,1,1
Store_Number_286,Europe - Balkans,Country_12,Store_Generation_1,1,1,1,1,1
Store_Number_287,Europe,Country_6,Store_Generation_1,1,1,1,1,1
Store_Number_288,Europe,Country_5,Store_Generation_4,1,1,1,1,1
Store_Number_289,Europe,Country_3,Store_Generation_3,1,1,1,1,1
Store_Number_290,Europe,Country_7,Store_Generation_3,1,1,1,1,1
Store_Number_291,Europe,Country_7,Store_Generation_1,1,1,1,1,1
Store_Number_292,Europe - Balkans,Country_2,Store_Generation_4,1,1,1,1,1
Store_Number_293,Europe,Country_5,Store_Generation_2,1,1,1,1,1
Store_Number_294,Europe,Country_5,Store_Generation_4,1,1,1,1,1
Store_Number_295,Europe,Country_5,Store_Generation_3,1,1,1,1,1
Store_Number_296,Europe - France - Province,Country_1,Store_Generation_2,1,1,1,1,1
Store_Number_297,Europe,Country_4,Store_Generation_2,1,1,1,1,1
Store_Number_298,Europe - Balkans,Country_2,Store_Generation_1,1,1,1,1,1
Store_Number_299,Europe,Country_4,Store_Generation_2,1,1,1,1,1
Store_Number_300,Europe,Country_4,Store_Generation_2,1,1,1,1,1
Store_Number_301,Europe,Country_4,Store_Generation_1,1,1,1,1,1
Store_Number_302,Europe,Country_4,Store_Generation_2,1,1,1,1,1
Store_Number_303,Europe,Country_7,Store_Generation_1,1,1,1,1,1
Store_Number_304,Europe,Country_3,Store_Generation_4,1,1,1,1,1
Store_Number_305,Europe,Country_3,Store_Generation_3,1,1,1,1,1
Store_Number_306,Europe,Country_3,Store_Generation_3,1,1,1,1,1
Store_Number_307,Europe - France - Province,Country_1,Store_Generation_2,1,1,1,1,1
Store_Number_308,Europe - France - Province,Country_1,Store_Generation_2,1,1,1,1,1
Store_Number_309,Europe,Country_3,Store_Generation_4,1,1,1,1,1
Store_Number_310,Europe - France - Province,Country_1,Store_Generation_3,1,1,1,1,1
Store_Number_311,Europe - France - Province,Country_1,Store_Generation_1,1,1,1,1,1
Store_Number_312,Europe,Country_3,Store_Generation_3,1,1,1,1,1
Store_Number_313,Europe,Country_3,Store_Generation_3,1,1,1,0,1
Store_Number_314,Europe,Country_3,Store_Generation_3,1,1,1,1,1
Store_Number_315,Europe,Country_3,Store_Generation_3,1,1,1,1,1
Store_Number_316,Europe,Country_3,Store_Generation_3,1,1,1,1,1
Store_Number_317,Europe - France - Province,Country_1,Store_Generation_2,1,1,1,1,1
Store_Number_318,Europe - France - Province,Country_1,Store_Generation_2,1,1,1,1,1
Store_Number_319,Europe,Country_3,Store_Generation_3,1,1,1,1,1
Store_Number_320,Asia - SEA,Country_11,Store_Generation_3,1,0,0,0,0
Store_Number_321,Europe - France - Province,Country_1,Store_Generation_3,1,1,1,1,1
Store_Number_322,Europe - France - Province,Country_1,Store_Generation_2,1,1,1,1,1
Store_Number_323,Europe - France - Province,Country_1,Store_Generation_2,1,1,1,1,1
Store_Number_324,Europe - France - Province,Country_1,Store_Generation_1,1,1,1,1,1
Store_Number_325,Europe - France - Province,Country_1,Store_Generation_2,1,1,1,1,1
Store_Number_326,Europe,Country_4,Store_Generation_2,1,1,1,1,1
Store_Number_327,Europe,Country_9,Store_Generation_3,1,1,1,1,1
Store_Number_328,Europe,Country_9,Store_Generation_2,1,1,1,1,1
Store_Number_329,Europe,Country_10,Store_Generation_3,1,1,1,1,1
Store_Number_330,Europe - France - Province,Country_1,Store_Generation_2,1,1,1,1,1
Store_Number_331,Europe,Country_4,Store_Generation_2,1,1,1,1,1
Store_Number_332,Europe,Country_3,Store_Generation_4,1,1,1,1,1
Store_Number_333,Europe,Country_7,Store_Generation_4,1,1,1,1,1
Store_Number_334,Europe - Balkans,Country_2,Store_Generation_2,1,1,1,1,1
Store_Number_335,Europe - Balkans,Country_2,Store_Generation_1,1,1,1,1,1
Store_Number_336,Europe,Country_3,Store_Generation_3,1,1,1,1,1
Store_Number_337,Europe,Country_3,Store_Generation_4,1,1,1,1,1
Store_Number_338,Europe,Country_3,Store_Generation_3,1,1,1,1,1
Store_Number_339,Europe,Country_5,Store_Generation_4,1,1,1,1,1
Store_Number_340,Europe,Country_5,Store_Generation_4,1,1,1,1,1
Store_Number_341,Europe,Country_5,Store_Generation_3,1,1,1,1,1
Store_Number_342,Europe,Country_3,Store_Generation_3,1,1,1,1,1
Store_Number_343,Europe,Country_3,Store_Generation_3,1,1,1,1,1
Store_Number_344,Europe,Country_3,Store_Generation_3,1,1,1,1,1
Store_Number_345,Europe,Country_3,Store_Generation_3,1,1,1,1,1
Store_Number_346,Europe,Country_3,Store_Generation_3,1,1,1,1,1
Store_Number_347,Europe,Country_7,Store_Generation_1,1,1,1,1,1
Store_Number_348,Europe,Country_4,Store_Generation_2,1,1,1,1,1
Store_Number_349,Europe - France - Province,Country_1,Store_Generation_2,1,1,1,1,1
Store_Number_350,Europe,Country_6,Store_Generation_3,1,1,1,1,1
Store_Number_351,Europe,Country_6,Store_Generation_3,1,1,1,1,1
Store_Number_352,Europe - France - Province,Country_1,Store_Generation_3,1,1,1,1,1
Store_Number_353,Europe - France - Province,Country_1,Store_Generation_2,1,1,1,1,1
Store_Number_354,Europe,Country_5,Store_Generation_3,1,1,1,1,1
Store_Number_355,Europe,Country_5,Store_Generation_3,1,1,1,1,1
Store_Number_356,Europe - France - Province,Country_1,Store_Generation_2,1,1,1,1,1
Store_Number_357,Europe - France - Province,Country_1,Store_Generation_2,1,1,1,1,1
Store_Number_358,Europe,Country_7,Store_Generation_4,1,1,1,1,1
Store_Number_359,Europe - France - Province,Country_1,Store_Generation_2,1,1,1,1,1
Store_Number_360,Europe - France - Intra Muros,Country_1,Store_Generation_3,1,1,1,1,1
Store_Number_361,Europe,Country_6,Store_Generation_3,1,1,1,1,1
Store_Number_362,Europe - France - Province,Country_1,Store_Generation_3,1,1,1,1,1
Store_Number_363,Europe - France - Province,Country_1,Store_Generation_2,1,1,1,1,1
Store_Number_364,Europe - France - Province,Country_1,Store_Generation_3,1,1,1,1,1
Store_Number_365,Asia - SEA,Country_11,Store_Generation_3,1,0,0,0,0
Store_Number_366,Europe,Country_4,Store_Generation_3,1,1,1,1,1
Store_Number_367,Europe - France - Province,Country_1,Store_Generation_2,1,1,1,1,1
Store_Number_368,Europe - France - Province,Country_1,Store_Generation_2,1,1,1,1,1
Store_Number_369,Europe - Balkans,Country_2,Store_Generation_1,1,1,1,1,1
Store_Number_370,Europe - Balkans,Country_2,Store_Generation_4,1,1,1,1,1
Store_Number_371,Europe,Country_4,Store_Generation_2,1,1,1,1,1
Store_Number_372,Europe,Country_4,Store_Generation_2,1,1,1,1,1
Store_Number_373,Europe,Country_4,Store_Generation_4,1,1,1,1,1
Store_Number_374,Europe,Country_5,Store_Generation_3,1,1,1,1,1
Store_Number_375,Europe,Country_5,Store_Generation_3,1,1,1,1,1
Store_Number_376,Europe,Country_5,Store_Generation_3,1,1,1,1,1
Store_Number_377,Europe - France - Province,Country_1,Store_Generation_2,1,1,1,1,1
Store_Number_378,Europe - France - Province,Country_1,Store_Generation_3,1,1,1,1,1
Store_Number_379,Europe,Country_5,Store_Generation_3,1,1,1,1,1
Store_Number_380,Europe,Country_7,Store_Generation_3,1,1,1,1,1
Store_Number_381,Europe - France - Province,Country_1,Store_Generation_2,1,1,1,1,1
Store_Number_382,Europe - France - Province,Country_1,Store_Generation_3,1,1,1,1,1
Store_Number_383,Europe,Country_3,Store_Generation_3,1,1,1,1,1
Store_Number_384,Europe,Country_3,Store_Generation_3,1,1,1,1,1
Store_Number_385,Europe,Country_4,Store_Generation_2,1,1,1,1,1
Store_Number_386,Europe,Country_4,Store_Generation_2,1,1,1,1,1
Store_Number_387,Europe - Balkans,Country_2,Store_Generation_4,1,1,1,1,1
Store_Number_388,Europe - France - Province,Country_1,Store_Generation_2,1,1,1,1,1
Store_Number_389,Europe - France - Province,Country_1,Store_Generation_2,1,1,1,1,1
Store_Number_390,Europe,Country_10,Store_Generation_3,1,1,1,1,1
Store_Number_391,Europe,Country_3,Store_Generation_3,1,1,1,1,1
Store_Number_392,Asia - SEA,Country_11,Store_Generation_3,1,0,0,0,0
Store_Number_393,Europe,Country_5,Store_Generation_3,1,1,1,1,1
Store_Number_394,Europe,Country_5,Store_Generation_4,1,1,1,1,1
Store_Number_395,Asia - SEA,Country_11,Store_Generation_3,1,0,0,0,0
Store_Number_396,Europe - France - Province,Country_1,Store_Generation_1,1,1,1,1,1
Store_Number_397,Europe - France - Province,Country_1,Store_Generation_2,1,1,1,1,1
Store_Number_398,Europe - France - Province,Country_1,Store_Generation_2,1,1,1,1,1
Store_Number_399,Asia - SEA,Country_11,Store_Generation_3,1,0,0,0,0
Store_Number_400,Europe - France - Province,Country_1,Store_Generation_2,1,1,1,1,1
Store_Number_401,Europe - France - Province,Country_1,Store_Generation_2,1,1,1,1,1
Store_Number_402,Europe - France - Province,Country_1,Store_Generation_1,1,1,1,1,1
Store_Number_403,Europe - France - Province,Country_1,Store_Generation_4,1,1,1,1,1
Store_Number_404,Europe,Country_4,Store_Generation_2,1,1,1,1,1
Store_Number_405,Europe,Country_7,Store_Generation_4,1,1,1,1,1
Store_Number_406,Europe,Country_7,Store_Generation_3,1,1,1,1,1
Store_Number_407,Europe,Country_6,Store_Generation_3,1,1,1,1,1
Store_Number_408,Europe - France - Province,Country_1,Store_Generation_2,1,1,1,1,1
Store_Number_409,Europe,Country_5,Store_Generation_3,1,1,1,1,1
Store_Number_410,Europe - Balkans,Country_2,Store_Generation_1,1,1,1,1,1
Store_Number_411,Europe,Country_3,Store_Generation_4,1,1,1,1,1
Store_Number_412,Europe - Scandinavie,Country_13,Store_Generation_4,1,1,1,1,1
Store_Number_413,Europe - France - Province,Country_1,Store_Generation_2,1,1,1,1,1
Store_Number_414,Europe - France - Intra Muros,Country_1,Store_Generation_3,1,1,1,1,1
Store_Number_415,Europe - Balkans,Country_12,Store_Generation_4,1,1,1,1,1
Store_Number_416,Europe - France - Province,Country_1,Store_Generation_2,1,1,1,1,1
Store_Number_417,Europe - Scandinavie,Country_13,Store_Generation_4,1,1,1,1,1
Store_Number_418,Europe,Country_7,Store_Generation_3,1,1,1,1,1
Store_Number_419,Europe,Country_5,Store_Generation_4,1,1,1,1,1
Store_Number_420,Asia - SEA,Country_11,Store_Generation_3,1,0,0,0,0
Store_Number_421,Europe - Scandinavie,Country_13,Store_Generation_6,1,1,1,0,1
Store_Number_422,Europe - Balkans,Country_2,Store_Generation_4,1,1,1,1,1
Store_Number_423,Europe,Country_5,Store_Generation_1,1,1,1,1,1
Store_Number_424,Europe - France - Province,Country_1,Store_Generation_1,1,1,1,1,1
Store_Number_425,Europe,Country_3,Store_Generation_1,1,1,1,1,1
Store_Number_426,Asia - SEA,Country_11,Store_Generation_3,1,0,0,0,0
Store_Number_427,Asia - SEA,Country_11,Store_Generation_3,1,0,0,0,0
Store_Number_428,Europe,Country_5,Store_Generation_1,1,1,1,1,1
Store_Number_429,Europe - France - Province,Country_1,Store_Generation_1,1,1,1,1,1
Store_Number_430,Europe - France - Province,Country_1,Store_Generation_2,1,1,1,1,1
Store_Number_431,Europe - France - Intra Muros,Country_1,Store_Generation_1,1,1,1,1,1
Store_Number_432,Europe - France - Province,Country_1,Store_Generation_2,1,1,1,1,1
Store_Number_433,Europe,Country_4,Store_Generation_1,1,1,1,1,1
Store_Number_434,Europe,Country_4,Store_Generation_1,1,1,1,1,1
Store_Number_435,Europe,Country_4,Store_Generation_1,1,1,1,1,1
Store_Number_436,Europe,Country_7,Store_Generation_3,1,1,1,1,1
Store_Number_437,Asia - SEA,Country_11,Store_Generation_3,1,0,0,0,0
Store_Number_438,Europe - France - Province,Country_1,Store_Generation_1,1,1,1,1,1
Store_Number_439,Europe - France - Province,Country_1,Store_Generation_2,1,1,1,1,1
Store_Number_440,Europe - France - Intra Muros,Country_1,Store_Generation_1,1,1,1,1,1
Store_Number_441,Asia - SEA,Country_11,Store_Generation_3,1,0,0,0,0
Store_Number_442,Asia - SEA,Country_11,Store_Generation_3,1,0,0,0,0
Store_Number_443,Europe,Country_5,Store_Generation_1,1,1,1,1,1
Store_Number_444,Europe,Country_5,Store_Generation_1,1,1,1,1,1
Store_Number_445,Europe,Country_5,Store_Generation_1,1,1,1,1,1
Store_Number_446,Europe,Country_5,Store_Generation_1,1,1,1,1,1
Store_Number_447,Europe - France - Province,Country_1,Store_Generation_1,1,1,1,1,1
Store_Number_448,Europe,Country_5,Store_Generation_1,1,1,1,1,1
Store_Number_449,Europe,Country_3,Store_Generation_1,1,1,1,1,1
Store_Number_450,Europe,Country_7,Store_Generation_1,1,1,1,1,1
Store_Number_451,Europe,Country_10,Store_Generation_3,1,1,1,1,1
Store_Number_452,Europe,Country_7,Store_Generation_1,1,1,1,1,1
Store_Number_453,Europe,Country_4,Store_Generation_2,1,1,1,1,1
Store_Number_454,Asia - SEA,Country_11,Store_Generation_3,1,0,0,0,0
Store_Number_455,Asia - SEA,Country_11,Store_Generation_3,1,0,0,0,0
Store_Number_456,Europe - France - Province,Country_1,Store_Generation_1,1,1,1,1,1
Store_Number_457,Europe - France - Province,Country_1,Store_Generation_1,1,1,1,1,1
Store_Number_458,Europe,Country_5,Store_Generation_1,1,1,1,1,1
Store_Number_459,Europe,Country_5,Store_Generation_1,1,1,1,1,1
Store_Number_460,Europe,Country_3,Store_Generation_4,1,1,1,1,1
Store_Number_461,Europe - France - Province,Country_1,Store_Generation_1,1,1,1,1,1
Store_Number_462,Europe - France - Province,Country_1,Store_Generation_1,1,1,1,1,1
Store_Number_463,Europe,Country_5,Store_Generation_1,1,1,1,1,1
Store_Number_464,Europe,Country_9,Store_Generation_1,1,1,1,1,1
Store_Number_465,Europe,Country_3,Store_Generation_1,1,1,1,1,1
Store_Number_466,Europe,Country_9,Store_Generation_1,1,1,1,1,1
Store_Number_467,Europe,Country_3,Store_Generation_1,1,1,1,1,1
Store_Number_468,Europe,Country_3,Store_Generation_1,1,1,1,1,1
Store_Number_469,Asia - SEA,Country_11,Store_Generation_3,1,0,0,0,0
Store_Number_470,Asia - SEA,Country_11,Store_Generation_3,1,0,0,0,0
Store_Number_471,Asia - SEA,Country_11,Store_Generation_3,1,0,0,0,0
Store_Number_472,Asia - SEA,Country_11,Store_Generation_3,1,0,0,0,0
Store_Number_473,Europe,Country_4,Store_Generation_1,1,1,1,1,1
Store_Number_474,Asia - SEA,Country_11,Store_Generation_3,1,0,0,0,0
Store_Number_475,Europe,Country_3,Store_Generation_4,1,1,1,1,1
Store_Number_476,Europe - France - Province,Country_1,Store_Generation_1,1,1,1,1,1
Store_Number_477,Europe,Country_3,Store_Generation_1,1,1,1,1,1
Store_Number_478,Europe,Country_5,Store_Generation_1,1,1,1,1,1
Store_Number_479,Europe - France - Province,Country_1,Store_Generation_1,1,1,1,1,1
Store_Number_480,Europe,Country_3,Store_Generation_3,1,1,1,1,1
Store_Number_481,Asia - SEA,Country_11,Store_Generation_3,1,0,0,0,0
Store_Number_482,Asia - SEA,Country_11,Store_Generation_3,1,0,0,0,0
Store_Number_483,Europe - Balkans,Country_2,Store_Generation_4,1,1,1,1,1
Store_Number_484,Europe - France - Province,Country_1,Store_Generation_1,1,1,1,1,1
Store_Number_485,Europe - France - Province,Country_1,Store_Generation_1,1,1,1,1,1
Store_Number_486,Europe - France - Intra Muros,Country_1,Store_Generation_1,1,1,1,1,1
Store_Number_487,Europe,Country_3,Store_Generation_1,1,1,1,1,1
Store_Number_488,Europe - France - Intra Muros,Country_1,Store_Generation_1,1,1,1,1,1
Store_Number_489,Europe,Country_3,Store_Generation_1,1,1,1,1,1
Store_Number_490,Europe - France - Province,Country_1,Store_Generation_1,1,1,1,1,1
Store_Number_491,Europe,Country_3,Store_Generation_1,1,1,1,1,1
Store_Number_492,Asia - SEA,Country_11,Store_Generation_3,1,0,0,0,0
Store_Number_493,Europe - Balkans,Country_2,Store_Generation_4,1,1,1,1,1
Store_Number_494,Europe - Balkans,Country_2,Store_Generation_1,1,1,1,1,1
Store_Number_495,Europe,Country_3,Store_Generation_3,1,1,1,1,1
Store_Number_496,Europe,Country_10,Store_Generation_1,1,1,1,1,1
Store_Number_497,Europe - France - Province,Country_1,Store_Generation_1,1,1,1,1,1
Store_Number_498,Europe - France - Intra Muros,Country_1,Store_Generation_1,1,1,1,1,1
Store_Number_499,Europe,Country_4,Store_Generation_1,1,1,1,1,1
Store_Number_500,Europe - Balkans,Country_8,Store_Generation_3,1,1,1,1,1
Store_Number_501,Asia - SEA,Country_11,Store_Generation_3,1,0,0,0,0
Store_Number_502,Europe - Scandinavie,Country_13,Store_Generation_4,1,1,1,0,1
Store_Number_503,Asia - SEA,Country_11,Store_Generation_3,1,0,0,0,0
Store_Number_504,Europe - Scandinavie,Country_14,Store_Generation_4,1,1,1,0,1
Store_Number_505,Europe,Country_4,Store_Generation_1,1,1,1,1,1
Store_Number_506,Europe - Balkans,Country_2,Store_Generation_1,1,1,1,1,1
Store_Number_507,Europe,Country_3,Store_Generation_3,1,1,1,0,1
Store_Number_508,Europe,Country_3,Store_Generation_3,1,1,1,1,1
Store_Number_509,Europe,Country_3,Store_Generation_3,1,1,1,1,1
Store_Number_510,Europe,Country_3,Store_Generation_3,1,1,1,1,1
Store_Number_511,Europe,Country_3,Store_Generation_3,1,1,1,1,1
Store_Number_512,Europe,Country_5,Store_Generation_1,1,1,1,1,1
Store_Number_513,Europe,Country_3,Store_Generation_3,1,1,1,1,1
Store_Number_514,Europe,Country_3,Store_Generation_3,1,1,1,1,1
Store_Number_515,Europe,Country_3,Store_Generation_1,1,1,1,1,1
Store_Number_516,Europe - Balkans,Country_2,Store_Generation_1,1,1,1,1,1
Store_Number_517,Europe - Balkans,Country_2,Store_Generation_1,1,1,1,1,1
Store_Number_518,Europe - Balkans,Country_2,Store_Generation_1,1,1,1,1,1
Store_Number_519,Europe,Country_15,Store_Generation_4,1,1,1,1,1
Store_Number_520,Europe - France - Province,Country_1,Store_Generation_1,1,1,1,1,1
Store_Number_521,Europe,Country_4,Store_Generation_1,1,1,1,0,1
Store_Number_522,Europe,Country_3,Store_Generation_3,1,1,1,1,1
Store_Number_523,Europe,Country_5,Store_Generation_1,1,1,1,1,1
Store_Number_524,Europe - France - Province,Country_1,Store_Generation_1,1,1,1,1,1
Store_Number_525,Europe,Country_3,Store_Generation_3,1,1,1,1,1
Store_Number_526,Europe,Country_3,Store_Generation_3,1,1,1,1,1
Store_Number_527,Europe,Country_3,Store_Generation_3,1,1,1,1,1
Store_Number_528,Europe,Country_3,Store_Generation_4,1,1,1,0,0
Store_Number_529,Europe,Country_6,Store_Generation_1,1,1,1,1,1
Store_Number_530,Asia - SEA,Country_11,Store_Generation_3,1,0,0,0,0
Store_Number_531,Europe,Country_15,Store_Generation_4,1,1,1,1,1
Store_Number_532,Europe,Country_6,Store_Generation_1,1,1,1,1,1
Store_Number_533,Europe,Country_3,Store_Generation_4,1,1,1,0,1
Store_Number_534,Europe,Country_3,Store_Generation_3,1,1,0,1,1
Store_Number_535,Europe,Country_3,Store_Generation_3,1,1,1,1,1
Store_Number_536,Asia - SEA,Country_11,Store_Generation_3,1,0,0,0,0
Store_Number_537,Asia - SEA,Country_11,Store_Generation_3,1,0,0,0,0
Store_Number_538,Europe - France - Province,Country_1,Store_Generation_1,1,1,1,1,1
Store_Number_539,Europe,Country_3,Store_Generation_4,1,1,1,0,1
Store_Number_540,Europe,Country_7,Store_Generation_1,1,1,1,1,1
Store_Number_541,Europe,Country_3,Store_Generation_1,1,1,1,1,1
Store_Number_542,Europe,Country_3,Store_Generation_3,1,1,1,1,1
Store_Number_543,Europe,Country_3,Store_Generation_3,1,1,1,1,1
Store_Number_544,Europe,Country_3,Store_Generation_3,1,1,1,1,1
Store_Number_545,Asia - SEA,Country_11,Store_Generation_3,1,0,0,0,0
Store_Number_546,Asia - SEA,Country_11,Store_Generation_3,1,0,0,0,0
Store_Number_547,Asia - SEA,Country_11,Store_Generation_3,1,0,0,0,0
Store_Number_548,Europe,Country_3,Store_Generation_3,1,1,1,1,1
Store_Number_549,Europe - Balkans,Country_2,Store_Generation_1,1,1,1,1,1
Store_Number_550,Europe - France - Province,Country_1,Store_Generation_1,1,1,1,1,1
Store_Number_551,Europe,Country_3,Store_Generation_3,1,1,1,1,1
Store_Number_552,Europe - France - Province,Country_1,Store_Generation_1,1,1,1,1,1
Store_Number_553,Europe,Country_14,Store_Generation_7,1,1,1,0,1
Store_Number_554,Europe - Scandinavie,Country_14,Store_Generation_4,1,1,1,1,1
Store_Number_555,Europe,Country_14,Store_Generation_4,1,1,1,0,0
Store_Number_556,Europe,Country_14,Store_Generation_4,1,1,1,0,1
Store_Number_557,Europe,Country_7,Store_Generation_1,1,1,1,1,1
Store_Number_558,Europe,Country_7,Store_Generation_1,1,1,1,0,1
Store_Number_559,Europe,Country_7,Store_Generation_1,1,1,1,1,0
Store_Number_560,Europe,Country_7,Store_Generation_4,1,1,1,1,1
Store_Number_561,Europe,Country_7,Store_Generation_1,1,1,1,1,1
Store_Number_562,Europe - France - Province,Country_1,Store_Generation_1,1,1,1,1,1
Store_Number_563,Europe,Country_15,Store_Generation_7,1,1,1,1,1
Store_Number_564,Europe,Country_16,Store_Generation_4,1,1,1,1,1
Store_Number_565,Europe,Country_16,Store_Generation_4,1,1,1,1,1
Store_Number_566,Europe - France - Province,Country_1,Store_Generation_1,1,1,1,1,1
Store_Number_567,Europe - France - Province,Country_1,Store_Generation_1,1,1,1,1,1
Store_Number_568,Europe,Country_7,Store_Generation_4,1,1,1,1,1
Store_Number_569,Europe,Country_7,Store_Generation_4,1,1,1,1,1
Store_Number_570,Europe,Country_7,Store_Generation_4,1,1,1,1,1
Store_Number_571,Europe,Country_7,Store_Generation_4,1,1,1,1,1
Store_Number_572,Europe,Country_7,Store_Generation_1,1,1,1,1,1
Store_Number_573,Europe,Country_7,Store_Generation_4,1,0,1,1,1
Store_Number_574,Europe,Country_7,Store_Generation_4,1,1,1,1,1
Store_Number_575,Europe,Country_7,Store_Generation_4,1,1,1,1,1
Store_Number_576,Europe,Country_7,Store_Generation_4,1,1,1,1,1
Store_Number_577,Europe,Country_7,Store_Generation_4,1,1,1,1,1
Store_Number_578,Europe,Country_7,Store_Generation_4,1,1,0,1,1
Store_Number_579,Europe,Country_3,Store_Generation_3,1,1,1,1,1
Store_Number_580,Europe,Country_3,Store_Generation_4,1,1,1,1,1
Store_Number_581,Europe,Country_16,Store_Generation_4,1,1,1,1,1
Store_Number_582,Europe,Country_16,Store_Generation_4,1,1,1,1,1
Store_Number_583,Europe,Country_7,Store_Generation_1,1,1,0,1,1
Store_Number_584,Europe - Balkans,Country_8,Store_Generation_1,1,1,1,1,1
Store_Number_585,Europe,Country_10,Store_Generation_3,1,1,1,1,1
Store_Number_586,Europe,Country_4,Store_Generation_4,1,1,1,1,1
Store_Number_587,Europe,Country_4,Store_Generation_1,1,1,1,1,1
Store_Number_588,Europe,Country_4,Store_Generation_4,1,1,1,1,1
Store_Number_589,Asia - SEA,Country_11,Store_Generation_3,1,0,0,0,0
Store_Number_590,Europe,Country_4,Store_Generation_4,1,1,1,1,1
Store_Number_591,Europe - France - Province,Country_1,Store_Generation_1,1,1,1,1,1
Store_Number_592,Europe - France - Province,Country_1,Store_Generation_1,1,1,1,1,1
Store_Number_593,Europe - France - Province,Country_1,Store_Generation_4,1,1,1,1,1
Store_Number_594,Europe - France - Province,Country_1,Store_Generation_1,1,1,1,1,1
Store_Number_595,Europe,Country_16,Store_Generation_4,1,1,1,1,1
Store_Number_596,Europe,Country_6,Store_Generation_1,1,1,1,1,1
Store_Number_597,Europe - France - Intra Muros,Country_1,Store_Generation_4,1,1,1,1,1
Store_Number_598,Asia - SEA,Country_11,Store_Generation_3,1,0,0,0,0
Store_Number_599,Asia - SEA,Country_11,Store_Generation_3,1,0,0,0,0
Store_Number_600,Europe,Country_5,Store_Generation_4,1,1,1,1,1
Store_Number_601,Asia - SEA,Country_11,Store_Generation_3,1,0,0,0,0
Store_Number_602,Asia - SEA,Country_11,Store_Generation_3,1,0,0,0,0
Store_Number_603,Europe - Balkans,Country_2,Store_Generation_1,1,1,1,1,1
Store_Number_604,Europe,Country_16,Store_Generation_4,1,1,1,1,1
Store_Number_605,Europe,Country_4,Store_Generation_4,1,1,1,1,1
Store_Number_606,Europe,Country_9,Store_Generation_4,1,1,1,1,1
Store_Number_607,Europe - France - Province,Country_1,Store_Generation_4,1,1,1,1,1
Store_Number_608,Europe - France - Province,Country_1,Store_Generation_2,1,1,1,1,1
Store_Number_609,Europe,Country_16,Store_Generation_4,1,1,1,1,1
Store_Number_610,Europe,Country_16,Store_Generation_4,1,1,1,1,1
Store_Number_611,Europe,Country_3,Store_Generation_4,1,1,1,1,1
Store_Number_612,Europe - France - Province,Country_1,Store_Generation_4,1,1,1,1,1
Store_Number_613,Europe - France - Intra Muros,Country_1,Store_Generation_4,1,1,1,1,1
Store_Number_614,Europe - France - Province,Country_1,Store_Generation_4,1,1,1,1,1
Store_Number_615,Europe - France - Province,Country_1,Store_Generation_4,1,1,1,1,1
Store_Number_616,Europe - France - Province,Country_1,Store_Generation_4,1,1,1,1,1
Store_Number_617,Europe - Scandinavie,Country_14,Store_Generation_4,1,1,1,1,1
Store_Number_618,Europe,Country_4,Store_Generation_1,1,1,1,0,1
Store_Number_619,Europe,Country_15,Store_Generation_4,1,1,1,1,1
Store_Number_620,Europe,Country_16,Store_Generation_4,1,1,1,1,1
Store_Number_621,Europe,Country_5,Store_Generation_4,1,1,1,1,1
Store_Number_622,Europe,Country_16,Store_Generation_4,1,1,1,1,1
Store_Number_623,Europe,Country_16,Store_Generation_4,1,1,1,1,1
Store_Number_624,Europe,Country_16,Store_Generation_4,1,1,1,1,0
Store_Number_625,Europe,Country_15,Store_Generation_4,1,1,1,1,1
Store_Number_626,Europe,Country_5,Store_Generation_4,1,1,1,1,1
Store_Number_627,Europe,Country_5,Store_Generation_4,1,1,1,1,1
Store_Number_628,Europe,Country_14,Store_Generation_7,1,1,1,0,1
Store_Number_629,Europe - France - Province,Country_1,Store_Generation_4,1,1,1,1,1
Store_Number_630,Europe,Country_7,Store_Generation_1,1,1,1,0,1
Store_Number_631,Europe - France - Province,Country_1,Store_Generation_4,1,1,1,1,1
Store_Number_632,Europe,Country_16,Store_Generation_4,1,1,1,1,1
Store_Number_633,Europe,Country_16,Store_Generation_4,1,1,1,1,1
Store_Number_634,Europe,Country_15,Store_Generation_4,1,1,1,1,1
Store_Number_635,Europe,Country_5,Store_Generation_4,1,1,1,1,1
Store_Number_636,Europe,Country_4,Store_Generation_4,1,1,1,1,1
Store_Number_637,Europe,Country_16,Store_Generation_4,1,1,1,0,1
Store_Number_638,Europe,Country_3,Store_Generation_4,1,1,1,1,1
Store_Number_639,Europe,Country_3,Store_Generation_4,1,1,1,1,1
Store_Number_640,Europe,Country_3,Store_Generation_4,1,1,1,0,1
Store_Number_641,Europe,Country_15,Store_Generation_4,1,1,1,1,1
Store_Number_642,Europe,Country_15,Store_Generation_4,1,1,1,1,1
Store_Number_643,Europe,Country_10,Store_Generation_4,1,1,1,1,1
Store_Number_644,Europe,Country_7,Store_Generation_4,1,1,1,1,1
Store_Number_645,Europe,Country_3,Store_Generation_4,1,1,1,1,1
Store_Number_646,Europe,Country_16,Store_Generation_4,1,1,1,1,1
Store_Number_647,Europe,Country_16,Store_Generation_4,1,1,1,1,1
Store_Number_648,Europe,Country_16,Store_Generation_4,1,1,1,1,1
Store_Number_649,Europe,Country_7,Store_Generation_4,1,1,0,1,1
Store_Number_650,Europe - Balkans,Country_2,Store_Generation_4,1,1,1,1,1
Store_Number_651,Europe,Country_16,Store_Generation_4,1,1,1,0,1
Store_Number_652,Europe - Balkans,Country_12,Store_Generation_4,1,1,1,1,1
Store_Number_653,Europe - Balkans,Country_2,Store_Generation_4,1,1,1,1,1
Store_Number_654,Europe - Balkans,Country_2,Store_Generation_4,1,1,1,1,1
Store_Number_655,Europe,Country_15,Store_Generation_4,1,1,1,1,1
Store_Number_656,Europe,Country_6,Store_Generation_4,1,1,1,1,1
Store_Number_657,Europe,Country_16,Store_Generation_4,1,1,1,1,1
Store_Number_658,Europe,Country_16,Store_Generation_4,1,1,1,1,1
Store_Number_659,Europe - Balkans,Country_8,Store_Generation_4,1,1,1,1,1
Store_Number_660,Europe,Country_3,Store_Generation_4,1,1,1,1,1
Store_Number_661,Europe - France - Province,Country_1,Store_Generation_4,1,1,1,0,1
Store_Number_662,Europe,Country_16,Store_Generation_4,1,1,1,1,1
Store_Number_663,Europe,Country_1,Store_Generation_3,1,1,1,1,1
Store_Number_664,Europe,Country_3,Store_Generation_4,1,1,1,0,1
Store_Number_665,Europe - France,Country_1,Store_Generation_4,1,1,1,0,1
Store_Number_666,Europe,Country_4,Store_Generation_4,1,1,1,1,1
Store_Number_667,Europe - Balkans,Country_2,Store_Generation_4,1,1,1,1,1
Store_Number_668,Europe,Country_4,Store_Generation_3,1,0,1,1,1
Store_Number_669,Europe - Scandinavie,Country_13,Store_Generation_4,1,1,1,1,1
